doc_id,file_name,split,status,error,ocr_source,outcome,failed_checks,total,subtotal,cash,change,n_items,items_total,payment_method,n_tokens,mean_confidence,n_pii,items
1,dev_receipt_00000.png,train,extracted,,model,published,,45500,,50000,4500,3.0,45500,cash,18,0.9901833401785957,0,"[[""REAL GANACHE"", 1, 16500], [""EGG TART"", 1, 13000], [""PIZZA TOAST"", 1, 16000]]"
2,dev_receipt_00001.png,train,extracted,,model,published,,23000,,50000,27000,1.0,23000,cash,11,0.9529090957208113,0,"[[""Kopi SUSu kolonel"", 1, 23000]]"
3,dev_receipt_00002.png,train,extracted,,model,published,,20000,18181,100000,80000,1.0,20000,cash,19,0.9503263172350431,0,"[[""S-Ovaline"", 1, 20000]]"
4,dev_receipt_00003.png,train,extracted,,model,published,,28000,28000,28000,0,1.0,28000,cash,19,0.9698421045353538,0,"[[""M-Caramel Black Tea"", 1, 28000]]"
5,dev_receipt_00004.png,train,extracted,,model,quarantined,change_inconsistent,41000,,41000,9000,2.0,41001,,15,0.9850066661834717,0,"[[""BBQ Chicken"", null, 1], [""Sedang"", 1, 41000]]"
6,dev_receipt_00005.png,test,extracted,,model,quarantined,items_do_not_reconcile,8000,,8000,,2.0,7274,,14,0.9272214344569615,0,"[[""LE WINERAL B,000"", null, 1], [""NET1 AMT"", null, 7273]]"
7,dev_receipt_00006.png,train,extracted,,model,published,,123000,,,,3.0,123000,card,21,0.9846571428435189,0,"[[""POTATO SAUSAGE BREAD"", 1, 19000], [""OREO GREEN TEA SPREAD"", 1, 52000], [""WHITE CHOCO BANANA SPREAD"", 1, 52000]]"
8,dev_receipt_00007.png,train,extracted,,model,published,,59500,63636,100000,40500,1.0,63636,cash,25,0.9432359981536865,0,"[[""Choco Devil"", 4, 63636]]"
9,dev_receipt_00008.png,train,extracted,,model,published,,11700,11700,20000,8300,3.0,11700,cash,24,0.9490916654467583,0,"[[""TALAM UNGU"", null, 19500], [""AMOUT"", null, -7800], [""MIKA KECIL"", null, 0]]"
10,dev_receipt_00009.png,test,extracted,,model,published,,20000,,20000,0,1.0,20000,cash,12,0.9406416664520899,0,"[[""Tahuu Ikan Oma Gjk"", 1, 20000]]"
11,dev_receipt_00010.png,train,extracted,,model,published,,60000,,60000,0,2.0,60000,cash,15,0.9940266648928324,0,"[[""Serbu"", 2, 40000], [""Choco Peanut Bread"", 2, 20000]]"
12,dev_receipt_00011.png,train,extracted,,model,published,,89100,81000,,0,4.0,81000,card,37,0.9656189196818584,0,"[[""Se'I Sapi Sambal Matah R"", 1, 20000], [""Se'I Sapi Lada Hitan (J)"", 1, 35000], [""Nasi Putih"", 2, 10000], [""Milkk Shake Coklat"", 1, 16000]]"
13,dev_receipt_00012.png,train,extracted,,model,published,,72000,,,0,1.0,72000,card,11,0.9938272833824158,0,"[[""ES KOPI SUSU"", 4, 72000]]"
14,dev_receipt_00013.png,train,extracted,,model,published,,45500,41364,50000,4500,2.0,41363,cash,21,0.948438096614111,0,"[[""MINERAL ML"", 1, 7727], [""BULGOGI RICE R"", 1, 33636]]"
15,dev_receipt_00014.png,train,extracted,,model,published,,39600,36000,,,2.0,36000,unknown,22,0.9709409096024253,0,"[[""Arem Arem"", 2, 24000], [""Kroket"", 1, 12000]]"
16,dev_receipt_00015.png,val,extracted,,model,published,,59400,54000,100000,40600,2.0,54000,cash,26,0.9543730731193836,0,"[[""Arem Arem"", null, 24000], [""Pepenero Pastel"", null, 30000]]"
17,dev_receipt_00016.png,val,extracted,,model,published,,20000,,100000,80000,1.0,20000,cash,10,0.9979200005531311,0,"[[""TT"", null, 20000]]"
18,dev_receipt_00017.png,train,extracted,,model,published,,20000,20000,100000,80000,1.0,20000,cash,14,0.9639000041144234,0,"[[""LEMONADE 16OZ"", null, 20000]]"
19,dev_receipt_00018.png,test,extracted,,model,published,,25000,,100000,75000,2.0,25000,cash,19,0.9759736845367833,0,"[[""beef C roll 3pS"", null, 10000], [""kaya bred"", null, 15000]]"
20,dev_receipt_00019.png,test,extracted,,model,published,,42500,,50000,7500,3.0,42500,cash,22,0.9580772735855796,0,"[[""FUTAMI GREEN TEA (S"", 1, 12500], [""EGG TART"", 1, 13000], [""GRAIN CROUE MONSIEUR"", 1, 17000]]"
21,dev_receipt_00020.png,train,extracted,,model,published,,16500,15000,20000,3500,2.0,15000,cash,18,0.9586666739649243,0,"[[""JAMUR"", 2, 10000], [""TAHU"", 1, 5000]]"
22,dev_receipt_00021.png,train,extracted,,model,published,,224908,,,,3.0,229089,card,32,0.9745718762278557,0,"[[""Mango Lemon Tea"", 1, 29090], [""Sliders Set"", 1, 113636], [""Chicken Vage Rice Bowl"", 1, 86363]]"
23,dev_receipt_00022.png,train,extracted,,model,quarantined,items_do_not_reconcile,308000,280000,,,3.0,280006,,20,0.9775849997997283,0,"[[""RedVelvet Nutella"", 1, 280000], [""Free Mini Candle"", null, 5], [""Large Box"", null, 1]]"
24,dev_receipt_00023.png,train,extracted,,model,published,,20000,18182,,,2.0,20000,unknown,14,0.957499989441463,0,"[[""BUBBLE GUM"", 1, 18182], [""PRJAK"", 10, 1818]]"
25,dev_receipt_00024.png,test,extracted,,model,published,,80500,,100000,19500,6.0,80500,cash,37,0.9788297318123482,0,"[[""PAIN AU CHOCOLATE"", 1, 11000], [""CHoco CUSTARD PASTRY"", 1, 12000], [""MILk PASTRY ROLL"", 1, 9000], [""REAL CHEESE INSIDE BREAD"", 1, 13500], [""SAUSAGE BREAD"", 1, 15000], [""HAM CHEESE FLAT BREAD"", 1, 20000]]"
26,dev_receipt_00025.png,train,extracted,,model,published,,7,180000,,,7.0,180000,unknown,53,0.8966830220987212,0,"[[""1PS Sop Sui Jiao"", null, 33000], [""1PS Ha Kao Udng"", null, 28000], [""1PS Sio May Kptling"", null, 23500], [""1PS Siomay Kmbiniasi"", null, 23000], [""1PS Leng Hong kien"", null, 30000], [""1PS Mie Kgkung Trsi"", null, 35500], [""1GS ES Teh Tawar"", null, 7000]]"
27,dev_receipt_00026.png,train,extracted,,model,published,,35000,,,,5.0,35000,unknown,25,0.9406559944152832,0,"[[""NSI MERAH/PUTIH"", 1, 5000], [""SAYUR"", 2, 8000], [""KERUjk/SAMBEL"", 1, 2000], [""1x1"", null, 14000], [""MINUAN KEMASAN/REFILL"", 1, 6000]]"
28,dev_receipt_00027.png,train,extracted,,model,published,,17999,16363,,,1.0,16363,unknown,19,0.9793842089803595,0,"[[""THAI ICED TEA (L)"", null, 16363]]"
29,dev_receipt_00028.png,train,extracted,,model,published,,22000,,22000,0,2.0,22000,cash,19,0.9868421052631579,0,"[[""ELEPHANT READ BEAN"", null, 12000], [""chapal twister donnut"", null, 10000]]"
30,dev_receipt_00029.png,test,extract_failed,ValueError: no TOTAL amount found,model,extract_failed,,,,,,,,,12,0.9129166603088379,0,[]
31,dev_receipt_00030.png,val,extracted,,model,published,,21000,,50000,29000,2.0,21000,cash,15,0.9771066665649414,0,"[[""REDBEAN BRE/D"", 1, 9000], [""FRANKFRUT S/ USAGE ROLL"", 1, 12000]]"
32,dev_receipt_00031.png,train,extracted,,model,published,,24000,,24000,0,1.0,24000,cash,12,0.9953833272059759,0,"[[""PREMIUM TOAST PAN BREAD"", 1, 24000]]"
33,dev_receipt_00032.png,train,extracted,,model,published,,6000,6000,6000,,1.0,6000,cash,12,0.9739166696866354,0,"[[""Nasi (MLY)"", 1, 6000]]"
34,dev_receipt_00033.png,train,extracted,,model,quarantined,change_inconsistent,57500,,7500,0,2.0,57500,,20,0.9800099998712539,1,"[[""GRAINS PAN BREAD"", 1, 20500], [""ICED HIBISCS LYCHE TEA"", 1, 37000]]"
35,dev_receipt_00034.png,train,extracted,,model,quarantined,items_do_not_reconcile,283338,,,,5.0,486000,,32,0.9782812539488077,0,"[[""GRILLED BABY POTATO (R"", 1, 50500], [""TRUFFE CREAM"", 1, 76000], [""CARBONARA"", 1, 70500], [""ORIGINAL BREWED TEA"", 2, 46000], [""SUBTL"", null, 243000]]"
36,dev_receipt_00035.png,train,extracted,,model,quarantined,items_do_not_reconcile,304326,,,,5.0,522000,,32,0.9795281328260899,0,"[[""BLACK PAPPER MEATBALL"", 1, 76500], [""QUARTO FORMANAGI PASTA"", 1, 82500], [""GREEN TEA WITH CRUBLE"", 1, 56000], [""ORIGINAL BREWED TEA"", 2, 46000], [""SUBTL"", null, 261000]]"
37,dev_receipt_00036.png,train,extracted,,model,published,,18999,17272,18999,,4.0,17272,cash,22,0.9686681790785356,0,"[[""Soft Ori Top"", 1, 17272], [""Top Oreo"", null, 0], [""Top-Ore"", null, 0], [""Top Banana"", null, 0]]"
38,dev_receipt_00037.png,train,extracted,,model,published,,70000,63636,70000,,2.0,63636,cash,21,0.9197666687624795,0,"[[""Ice Lemon Tea"", null, 13636], [""Gyro Platter Regular"", null, 50000]]"
39,dev_receipt_00038.png,test,extracted,,model,published,,20000,,100000,80000,1.0,20000,cash,10,0.9953299939632416,0,"[[""TT"", null, 20000]]"
40,dev_receipt_00039.png,train,extracted,,model,published,,97900,89000,100000,2100,5.0,89000,cash,27,0.9850185292738455,0,"[[""PKT TELOR/PERkEDEL"", null, 26000], [""TERONG"", null, 12000], [""PARU"", null, 23000], [""SBL GR ATI/AMPLA"", null, 20000], [""NESTLE ML"", null, 8000]]"
41,dev_receipt_00040.png,train,extracted,,model,published,,379500,345000,,,3.0,345000,unknown,30,0.9830899993578593,0,"[[""Gojek Chicken"", 1, 95000], [""Gojek Chicken"", 1, 180000], [""Gojek French"", 1, 70000]]"
42,dev_receipt_00041.png,train,extract_failed,ValueError: no TOTAL amount found,model,extract_failed,,,,,,,,,71,0.936411267854798,1,[]
43,dev_receipt_00042.png,train,extracted,,model,published,,53000,53000,,0,3.0,53000,card,21,0.9856238109724862,0,"[[""STIX CINNAMON"", null, 19000], [""CINNNAMON SUGAR"", null, 17000], [""TRIPPLE CHEESE"", null, 17000]]"
44,dev_receipt_00043.png,train,extracted,,model,published,,278000,,300000,22000,2.0,278000,cash,18,0.976899998055564,0,"[[""ROTI UNYIL"", null, 272000], [""PAPER BAG BESAR"", 1, 6000]]"
45,dev_receipt_00044.png,train,extracted,,model,published,,17999,16363,,,1.0,16363,unknown,19,0.9793842089803595,0,"[[""THAI ICED TEA (L)"", null, 16363]]"
46,dev_receipt_00045.png,val,extracted,,model,published,,287760,240000,,,4.0,240000,unknown,26,0.9676461494885958,0,"[[""AOP Seafood"", 1, 85000], [""Omurice Katsu Curry"", 1, 95000], [""Earl Gray Tea"", 1, 35000], [""Hot Tea"", 1, 25000]]"
47,dev_receipt_00046.png,train,extracted,,model,published,,22000,,22000,0,1.0,22000,cash,12,0.9973833362261454,0,"[[""MARBLE CASTELA"", null, 22000]]"
48,dev_receipt_00047.png,train,extracted,,model,published,,42000,,,8000,2.0,42000,unknown,16,0.97273750603199,0,"[[""Seaweed Chicken"", 1, 42000], [""Sedang"", 1, 0]]"
49,dev_receipt_00048.png,train,extracted,,model,published,,61500,55908,70000,8500,4.0,61500,cash,28,0.9832678607531956,0,"[[""SB OR"", 1, 28636], [""Chokocha Flt"", 1, 13636], [""Bbq Bento"", 1, 13636], [""P.Rest"", null, 5592]]"
50,dev_receipt_00049.png,train,extract_failed,ValueError: no TOTAL amount found,model,extract_failed,,,,,,,,,15,0.9856333374977112,0,[]
51,dev_receipt_00050.png,train,extracted,,model,published,,26000,,26000,0,1.0,26000,cash,10,0.9932100057601929,0,"[[""CHOCOLATE ECCLAIR"", 2, 26000]]"
52,dev_receipt_00051.png,train,extracted,,model,published,,57200,57200,,,2.0,57200,card,16,0.9762249998748302,0,"[[""Round Wagyu (1gr)"", null, 47200], [""Wagyu Rice Box"", 1, 10000]]"
53,dev_receipt_00052.png,train,extracted,,model,published,,56000,56000,56000,0,3.0,56000,cash,20,0.9777649968862534,0,"[[""KENTHIR"", 2, 42000], [""kOL GORENG"", 2, 6000], [""TEH MANS"", 2, 8000]]"
54,dev_receipt_00053.png,train,extracted,,model,published,,31000,,40000,9000,4.0,31000,cash,22,0.9897727234797045,0,"[[""Large"", 1, 11000], [""Rhum"", 1, 0], [""Pastry Keju"", 1, 20000], [""Plastik kcl"", 1, 0]]"
55,dev_receipt_00054.png,train,extracted,,model,published,,40000,,50000,10000,2.0,40000,cash,21,0.9774666740780785,0,"[[""4003-Blueberry Fuji"", 1, 40000], [""6001-Plasticic Bag Small"", 1, 0]]"
56,dev_receipt_00055.png,test,extracted,,model,quarantined,items_do_not_reconcile,60000,,,,2.0,120000,,18,0.9710277716318766,0,"[[""Cha Keaw L..."", 2, 60000], [""Cha Keaw L..."", 2, 60000]]"
57,dev_receipt_00056.png,val,extracted,,model,published,,20000,20000,,20000,1.0,20000,unknown,12,0.9671166688203812,0,"[[""Thai Iced T.x1"", null, 20000]]"
58,dev_receipt_00057.png,train,extracted,,model,quarantined,items_do_not_reconcile,288585,,,,4.0,495000,,25,0.9781040000915527,0,"[[""SEAFOOD MARINARA"", 1, 85000], [""CREAMY MARINARA SALMON"", 1, 85500], [""LYCHE ICE TEA"", 2, 77000], [""SUBTL"", null, 247500]]"
59,dev_receipt_00058.png,train,extracted,,model,published,,25000,25000,25000,0,1.0,25000,cash,17,0.966611764010261,0,"[[""Z Viet Milkkk Coffee"", null, 25000]]"
60,dev_receipt_00059.png,train,extracted,,model,quarantined,items_do_not_reconcile,664329,,,,9.0,561800,,56,0.8584410689238992,0,"[[""XLB Org Pork 10x"", 1, 78000], [""Sicito Babi"", 1, 65000], [""Hotplatete Tahuu"", 1, 58000], [""DF Fish Fillet Garlc"", 1, 108000], [""LM Pork Belly"", 1, 88000], [""Siew Mai"", 1, 38800], [""Kwan Yin Cup"", null, 50000], [""Herbal Jelly"", 1, 38000], [""Onde-Onde"", 1, 38000]]"
61,dev_receipt_00060.png,val,extracted,,model,published,,180000,,,,1.0,180000,card,11,0.9882727265357971,0,"[[""VANILLA CHoco HEART CAKE"", 1, 180000]]"
62,dev_receipt_00061.png,train,extracted,,model,published,,1800,7500,10000,,2.0,7500,cash,31,0.9514451622962952,0,"[[""Populaire Chocolate"", null, 4500], [""Paddlele Pop Choco Magma"", null, 3000]]"
63,dev_receipt_00062.png,train,extracted,,model,published,,62000,56364,100000,38000,3.0,56364,cash,21,0.9716428631827945,0,"[[""French Fries"", 1, 10909], [""Cheese Burger"", 1, 36364], [""Milo"", null, 9091]]"
64,dev_receipt_00063.png,train,extracted,,model,published,,56800,,,53200,2.0,51636,unknown,25,0.9444879961013793,0,"[[""IsI CAMPUR"", null, 43636], [""A.Mineral BOTOL"", null, 8000]]"
65,dev_receipt_00064.png,train,extracted,,model,published,,20000,,100000,80000,1.0,20000,cash,12,0.9912416686614355,0,"[[""WHOLE WHEAT PAN BREAD"", 1, 20000]]"
66,dev_receipt_00065.png,val,extracted,,model,published,,54600,,,5500,2.0,49636,unknown,25,0.9402640032768249,0,"[[""BASO TAHU"", null, 43636], [""NASI PUTIH"", null, 6000]]"
67,dev_receipt_00066.png,val,extract_failed,ValueError: no TOTAL amount found,model,extract_failed,,,,,,,,,7,0.9835571391241891,0,[]
68,dev_receipt_00067.png,val,extracted,,model,quarantined,items_do_not_reconcile,76000,69091,,,6.0,69096,,33,0.9721636302543409,0,"[[""PAKET BER2"", 1, 69091], [""BREAD N CHEESE DEL"", null, 1], [""MAC N CHEESE DEL"", null, 1], [""PEPSI DEL"", null, 1], [""P/P THUSAND SSL DEL"", null, 1], [""LIPTON ICE TEA DEL"", null, 1]]"
69,dev_receipt_00068.png,val,extracted,,model,published,,26000,,30000,4000,1.0,26000,cash,11,0.9549636407331987,0,"[[""Honey Mandarin"", null, 26000]]"
70,dev_receipt_00069.png,val,extracted,,model,published,,174983,151500,,,3.0,151500,unknown,24,0.9139916648467382,0,"[[""SOTO MEDAN+NSI"", 1, 59500], [""GADD-GADD"", 1, 34500], [""SOTO BETAWI Nasi"", 1, 57500]]"
71,dev_receipt_00070.png,train,extracted,,model,published,,121798,103000,,,3.0,103000,unknown,25,0.989932005405426,0,"[[""KaraageCurryTeishoku"", 1, 69000], [""Lemon Plate"", 1, 19000], [""Ocha Hot"", 1, 15000]]"
72,dev_receipt_00071.png,train,extracted,,model,published,,20000,20000,50000,30000,2.0,20000,cash,19,0.9763789522020441,0,"[[""Dum Dum Thai Coffee"", 1, 19000], [""Ice"", 1, 1000]]"
73,dev_receipt_00072.png,train,extracted,,model,published,,36000,36000,,0,2.0,36000,card,19,0.9742368428330672,0,"[[""STIX CINNAMON"", null, 19000], [""TRIPPLE CHEESE"", null, 17000]]"
74,dev_receipt_00073.png,test,extracted,,model,published,,20000,,50000,30000,1.0,20000,cash,9,0.9982777767711215,0,"[[""ICED TT"", null, 20000]]"
75,dev_receipt_00074.png,train,extracted,,model,published,,20000,20000,20000,0,1.0,20000,cash,14,0.994642857994352,0,"[[""THAI ICED TEA"", null, 20000]]"
76,dev_receipt_00075.png,test,extracted,,model,published,,66500,60454,100000,33500,6.0,66500,cash,36,0.9753166635831197,0,"[[""KFC Winger HC"", 2, 40000], [""Ori Bento"", 1, 13636], [""Mango Float"", 1, 5909], [""F.Wr GES-HC"", 1, 0], [""CHARGE TA"", 1, 909], [""P.Rest"", null, 6046]]"
77,dev_receipt_00076.png,test,extracted,,model,published,,99000,,,,2.0,99000,card,26,0.948211534665181,0,"[[""Entling2 Dua Bandang Ori"", null, 31000], [""TAHU BAKS Grg Ayam VC [biji"", null, 68000]]"
78,dev_receipt_00077.png,train,extracted,,model,quarantined,change_inconsistent,58000,58000,100000,42,1.0,58000,,22,0.9418409087441184,0,"[[""Cheese Tart"", 2, 58000]]"
79,dev_receipt_00078.png,val,extracted,,model,quarantined,items_do_not_reconcile,177870,0,,,5.0,154700,,33,0.9265333305705677,0,"[[""Mineral Water"", 2, 18000], [""Teh Tawar Dingin"", 1, 11000], [""Soto Betawi"", 2, 116000], [""NSI PUTIH"", 1, 9000], [""Servi Charge"", 7, 700]]"
80,dev_receipt_00079.png,test,extracted,,model,quarantined,items_do_not_reconcile,72000,72000,,,7.0,48002,,34,0.9668705919209648,0,"[[""Crab Stick"", 1, 9000], [""Bakso Lobster"", 1, 10000], [""Sawi Putih"", 1, 7000], [""Jamur ENoki"", 1, 8000], [""Jamur Kupling"", 1, 8000], [""Maling"", null, 2], [""Nasi (MLY)"", 1, 6000]]"
81,dev_receipt_00080.png,train,extracted,,model,published,,25000,,,,1.0,25000,unknown,9,0.9505333436859978,0,"[[""Sate Padang"", 1, 25000]]"
82,dev_receipt_00081.png,train,extracted,,model,published,,276000,250909,,,5.0,250909,unknown,32,0.9802687540650368,0,"[[""SURIMI"", 1, 29091], [""CREAMY CHk SS FTC"", 1, 42727], [""MIX 4FUN CHOCOLATE"", 1, 19091], [""GREEN ITSODA PITCHER"", 1, 60909], [""SC/R GRILLED STEAK"", 1, 99091]]"
83,dev_receipt_00082.png,val,extracted,,model,quarantined,items_do_not_reconcile,35000,,100000,,5.0,70000,,28,0.9081821420363018,0,"[[""PEAL CHoco TEA"", 1, 17000], [""GREEN TEA LYCHE"", null, 18000], [""Turup SEL"", 2, 0], [""CUP 14 OZ C"", 2, 0], [""NET SALES"", null, 35000]]"
84,dev_receipt_00083.png,train,extracted,,model,published,,17000,17000,17000,0,1.0,17000,cash,16,0.9767250083386898,0,"[[""S-Milk tea"", 1, 17000]]"
85,dev_receipt_00084.png,val,extracted,,model,published,,52000,52000,,,3.0,52000,card,28,0.9542428574391774,0,"[[""HAZELNUT CHoco MT (R)"", 1, 24000], [""PEARL ( R)"", null, 4000], [""HAZELNUT CHoco MT ( R)"", 1, 24000]]"
86,dev_receipt_00085.png,train,extracted,,model,published,,15000,13636,20000,5000,1.0,13636,cash,15,0.9829800009727478,0,"[[""Peanut Cheese"", 1, 13636]]"
87,dev_receipt_00086.png,test,extracted,,model,published,,26000,26000,,0,1.0,26000,card,13,0.9737538511936481,0,"[[""LEMONADE 220Z"", null, 26000]]"
88,dev_receipt_00087.png,train,extracted,,model,published,,29000,29000,30000,1000,1.0,29000,cash,19,0.9781157939057601,0,"[[""M-Passion Fruit Mac"", 1, 29000]]"
89,dev_receipt_00088.png,train,extracted,,model,quarantined,items_do_not_reconcile,170000,154545,,,11.0,154555,,54,0.9663277776153,0,"[[""PAKET BER4 UP3"", 1, 154545], [""BREAD N CHEESE DEL"", null, 1], [""TUA DEL"", null, 1], [""CRABSTICK FUSILLI DEL"", null, 1], [""LEMON TEA HANGAT DEL"", null, 1], [""BLACKCURANT DEL"", null, 1], [""SC/P THOUSAND S DEL"", null, 1], [""SCSC/P BBQ BEEF DEL"", null, 1], [""CR/P BEEF MAYO DEL"", null, 1], [""SUNRISE ITALIAN SODA"", null, 1], [""SUNRISE ITALIAN SODA"", null, 1]]"
90,dev_receipt_00089.png,train,extracted,,model,published,,29000,,100000,71000,2.0,29000,cash,22,0.9418318217450922,0,"[[""1023-Chocochip Walnut"", 1, 29000], [""6001-Plastic Bag Small"", 1, 0]]"
91,dev_receipt_00090.png,train,extracted,,model,published,,70000,,,0,1.0,70000,unknown,12,0.9572416643301646,0,"[[""REGULAR"", null, 70000]]"
92,dev_receipt_00091.png,train,extracted,,model,published,,44000,40000,50000,6000,2.0,40000,cash,18,0.9545166624916924,0,"[[""K7"", null, 39091], [""ADD CHICKEN Box"", null, 909]]"
93,dev_receipt_00092.png,train,extract_failed,ValueError: no TOTAL amount found,model,extract_failed,,,,,,,,,24,0.9689166694879532,0,[]
94,dev_receipt_00093.png,val,extracted,,model,quarantined,items_do_not_reconcile,172000,156364,,,12.0,19193,,61,0.9563901646703971,0,"[[""PAKET BER4"", null, 1], [""BREAD N CHEESE DEL"", null, 1], [""BREAD N CHEESE DEL"", null, 1], [""CRABSTICK FUSILLI DEL"", null, 1], [""LIME SQUASH DEL"", null, 1], [""LIME SQUASH DEL"", null, 1], [""P/P SPICY TUA DEL"", null, 1], [""P/P THUSAND SSL DEL"", null, 1], [""P/P BEEF CORN"", null, 1], [""SUNRISE ITALIAN SODA"", null, 1], [""LIPTON ICE TEA DEL"", null, 1], [""CHICKEN ROYAL"", 1, 19182]]"
95,dev_receipt_00094.png,train,extracted,,model,quarantined,items_do_not_reconcile,80100,69000,,,2.0,76280,,28,0.948682142155511,0,"[[""Emily's Shrimp Scampi"", 1, 69000], [""OTHERS"", null, 7280]]"
96,dev_receipt_00095.png,val,extracted,,model,quarantined,items_do_not_reconcile,30000,27272,50000,20000,3.0,29972,,18,0.9689722292953067,0,"[[""SAYAP"", 1, 13636], [""PAHA BAWAH"", null, 13636], [""P.Resto"", 10, 2700]]"
97,dev_receipt_00096.png,test,extracted,,model,quarantined,items_do_not_reconcile,12750,13636,12750,,2.0,11591,,21,0.9449857132775443,0,"[[""Choco Cheese"", 1, 13636], [""EXxclusive Member Car"", null, -2045]]"
98,dev_receipt_00097.png,train,extracted,,model,published,,25000,,30000,5000,1.0,25000,cash,11,0.9743090976368297,0,"[[""Lemon Tea (L"", 1, 25000]]"
99,dev_receipt_00098.png,test,extracted,,model,published,,100000,,100000,0,1.0,100000,cash,11,0.9609000086784363,0,"[[""Hkk Topper Package"", 1, 100000]]"
100,dev_receipt_00099.png,train,extracted,,model,published,,39000,39000,50000,11000,4.0,39000,cash,34,0.9465794072431677,0,"[[""Giant Squid Rp."", 1, 39000], [""C.Finishing - Cut Rp."", null, 0], [""B.Spicy Level - Extreme Hot Rp."", null, 0], [""A.Flavour- Salt Pepper Rp."", null, 0]]"
101,test_receipt_00000.png,train,extract_failed,ValueError: no TOTAL amount found,model,extract_failed,,,,,,,,,26,0.9162923051760747,0,[]
102,test_receipt_00001.png,train,extract_failed,ValueError: no TOTAL amount found,model,extract_failed,,,,,,,,,18,0.9634499947230021,0,[]
103,test_receipt_00002.png,train,extracted,,model,published,,28000,28000,100000,72000,2.0,28000,cash,27,0.9007851878801981,0,"[[""JASMINE MT (l)"", 1, 24000], [""COCONUT JELLY (L)"", null, 4000]]"
104,test_receipt_00003.png,train,extracted,,model,published,,11000,11000,11000,,1.0,11000,cash,13,0.9752230873474708,0,"[[""DONAT GULA"", null, 11000]]"
105,test_receipt_00004.png,test,extract_failed,ValueError: no TOTAL amount found,model,extract_failed,,,,,,,,,41,0.7559365884559911,0,[]
106,test_receipt_00005.png,train,extracted,,model,quarantined,items_do_not_reconcile,31000,,31000,,3.0,59182,,16,0.989425003528595,0,"[[""TRAD KY TOAST CARTE"", null, 28182], [""SUBTL"", null, 28182], [""PB-1"", null, 2818]]"
107,test_receipt_00006.png,train,extracted,,model,published,,46000,,50000,4000,3.0,46000,cash,20,0.9654250025749207,0,"[[""EGG TART"", 1, 13000], [""CHoco CS ARD PASTRY"", 2, 24000], [""REDBEAN BIEAD"", 1, 9000]]"
108,test_receipt_00007.png,train,extracted,,model,published,,111000,100909,111000,,2.0,100909,cash,16,0.9587562493979931,0,"[[""Kupon"", 15, 100000], [""ADD CHICKEN Box"", null, 909]]"
109,test_receipt_00008.png,train,extracted,,model,published,,50000,45455,,,3.0,45455,card,27,0.9491407407654656,0,"[[""[REG] BLACK SAKURA"", 1, 45455], [""COOKIE DOH SAUCS"", 1, 0], [""NATA DE COCO"", 1, 0]]"
110,test_receipt_00009.png,train,extract_failed,ValueError: no TOTAL amount found,model,extract_failed,,,,,,,,,12,0.9261833280324936,0,[]
111,test_receipt_00010.png,train,extracted,,model,published,,17000,17000,20000,3000,1.0,17000,cash,13,0.9924615484017593,0,"[[""CINNNAMON SUGAR"", null, 17000]]"
112,test_receipt_00011.png,train,extracted,,model,published,,230000,,230000,0,1.0,230000,cash,12,0.9909083296855291,0,"[[""BANABERRY FRESH CREAM CAK"", 1, 230000]]"
113,test_receipt_00012.png,train,extract_failed,ValueError: no TOTAL amount found,model,extract_failed,,,,,,,,,24,0.927558330198129,0,[]
114,test_receipt_00013.png,train,extract_failed,ValueError: no TOTAL amount found,model,extract_failed,,,,,,,,,29,0.8906137932991159,0,[]
115,test_receipt_00014.png,test,extracted,,model,quarantined,change_inconsistent,281435,238000,200000,18565,6.0,238000,,36,0.9398694452312257,0,"[[""RedVelvet Cheese Sc"", null, 38000], [""Chicken Baked Rice"", null, 55000], [""-mm Fish Chips"", null, 65000], [""Mushroom Soup"", null, 35000], [""Chamomile"", null, 25000], [""Iced Tea"", 1, 20000]]"
116,test_receipt_00015.png,val,extracted,,model,published,,63000,,70000,7000,2.0,63000,cash,15,0.9814266681671142,0,"[[""Lemon Tea (L)"", 1, 25000], [""Caramel Small"", 1, 38000]]"
117,test_receipt_00016.png,train,extracted,,model,published,,70000,63636,100000,30000,6.0,63636,cash,39,0.9368666670261285,0,"[[""[L] BLACK SAKURA"", 1, 59091], [""LONGAN"", 1, 0], [""ROASTED ALMOND"", 1, 0], [""NANGGO"", 1, 0], [""N INERAL WATER (bundling) 5k"", 1, 4545], [""Roundndling"", null, 0]]"
118,test_receipt_00017.png,test,extracted,,model,published,,91000,91000,,,6.0,91000,card,36,0.9099888917472627,0,"[[""Goblin's Mare"", 1, 25000], [""Mozarella Hot"", 2, 38000], [""Chilli Pepper"", 1, 14000], [""Cheese"", 7, 14000], [""Plastik AMook"", 1, 0], [""Plastik Putih"", 1, 0]]"
119,test_receipt_00018.png,train,extract_failed,ValueError: no TOTAL amount found,model,extract_failed,,,,,,,,,12,0.9444750050703684,0,[]
120,test_receipt_00019.png,train,extracted,,model,quarantined,items_do_not_reconcile,176000,,,,3.0,122000,,21,0.8875142875171843,0,"[[""AMBUSH DBL CHS"", 4, 6000], [""AMBUSH CHS BUR"", 10, 100000], [""NET SALES"", null, 16000]]"
121,test_receipt_00020.png,train,extracted,,model,published,,377859,325600,,,5.0,325600,unknown,34,0.977770587977241,0,"[[""cashew nuts chkn"", 1, 64500], [""gar lic pepper beef"", 1, 79500], [""red Curry beef"", 1, 69500], [""phad thai"", 1, 64500], [""steamed rice"", 4, 47600]]"
122,test_receipt_00021.png,train,extracted,,model,quarantined,items_do_not_reconcile,38,,0,12000,1.0,3000,,20,0.9106800049543381,0,"[[""Rr.000"", 1, 3000]]"
123,test_receipt_00022.png,test,extracted,,model,published,,40000,,100000,60000,2.0,40000,cash,18,0.950388898452123,0,"[[""[MD] SOFT STEAMED CHEESEC"", 2, 20000], [""[MD] SOFT STEAMED CHOCOCA"", 2, 20000]]"
124,test_receipt_00023.png,train,extracted,,model,published,,63000,,70000,7000,2.0,63000,cash,14,0.9843285764966693,0,"[[""TWIST DONUT"", 6, 54000], [""REDBAN BREAD"", 1, 9000]]"
125,test_receipt_00024.png,val,extracted,,model,published,,118000,,,,3.0,118000,card,25,0.9150600004196167,0,"[[""500-Corn Flakes Cookieies"", 1, 56000], [""5003-Chokoreto COOKies"", 1, 62000], [""6002-Plasticic Bag Medium"", 1, 0]]"
126,test_receipt_00025.png,val,extracted,,model,published,,43000,,50000,7000,3.0,43000,cash,20,0.9736100018024445,0,"[[""TWIST STRAWBERRY DONUT"", 1, 10000], [""TLJ CROQUETTE"", 1, 17000], [""POTATO PAPPER BAGEL"", 1, 16000]]"
127,test_receipt_00026.png,test,extracted,,model,quarantined,items_do_not_reconcile,138000,138000,138000,,3.0,130000,,36,0.9383916639619403,0,"[[""esar"", null, 65000], [""Teh Tawar"", null, 0], [""FU Yung Hai"", null, 65000]]"
128,test_receipt_00027.png,train,extracted,,model,published,,61600,56000,,,2.0,56000,unknown,17,0.9819294179187101,0,"[[""PKT AYAM"", null, 33000], [""GULAI OTAK"", null, 23000]]"
129,test_receipt_00028.png,val,extracted,,model,quarantined,items_do_not_reconcile,426195,369000,,,4.0,407745,,21,0.9531666693233308,0,"[[""SANGYOPSAL"", 2, 194000], [""SUL LUNG TING"", 1, 75000], [""MAkOLI"", 1, 100000], [""VAT"", null, 38745]]"
130,test_receipt_00029.png,train,extracted,,model,quarantined,items_do_not_reconcile,132636,,,,7.0,78181,,49,0.979216323823345,0,"[[""COLD OCHA"", 1, 10909], [""-ABURA UDON SPICY"", 1, 0], [""-KAKE UDON"", 1, 0], [""SKEWERED SHUAI"", 1, 12727], [""SKEWERED TOFU ROLL"", 1, 12727], [""EBI TEMPUA"", 1, 13636], [""KITSUNE UDON (KIDS)"", 1, 28182]]"
131,test_receipt_00030.png,train,extracted,,model,published,,31500,28636,50000,18500,1.0,28636,cash,16,0.9763562567532063,0,"[[""Kupon"", 3, 28636]]"
132,test_receipt_00031.png,train,extracted,,model,quarantined,items_do_not_reconcile,13886,,,,3.0,256500,,23,0.9939652214879575,0,"[[""SALMON PESTO"", 1, 85500], [""SALMON PESTO"", 1, 85500], [""SUBTL"", null, 85500]]"
133,test_receipt_00032.png,val,extracted,,model,published,,24000,24000,50000,26000,1.0,24000,cash,15,0.9965199947357177,0,"[[""THAI ICED GREEN TEA"", null, 24000]]"
134,test_receipt_00033.png,train,extracted,,model,quarantined,items_do_not_reconcile,148127,,,,4.0,302000,,28,0.9958178571292332,0,"[[""GRILLED BABY POTATO (R"", 1, 50500], [""HOT TUA"", 1, 67000], [""HOT TUA"", 1, 67000], [""SUBTL"", null, 117500]]"
135,test_receipt_00034.png,train,extracted,,model,published,,93500,85000,,6500,2.0,85000,unknown,21,0.9581809526398068,0,"[[""Ash Chick Sambal Matah"", 5, 75000], [""Jamur Goreng"", 2, 10000]]"
136,test_receipt_00035.png,test,extracted,,model,quarantined,"items_do_not_reconcile,change_inconsistent",0,,104000,0,4.0,54000,,25,0.9824520015716552,0,"[[""TWIST DONUT"", 2, 18000], [""BANANA DONUT"", 1, 11000], [""CREAMCHEESE BREAD"", 1, 13000], [""FRANKFRUT SAUSAGE ROLL"", 1, 12000]]"
137,test_receipt_00036.png,train,extracted,,model,published,,40000,,,60000,2.0,40000,unknown,17,0.9451646980117349,0,"[[""XxL Crispy Chicken"", 1, 40000], [""Sedang"", 1, 0]]"
138,test_receipt_00037.png,test,extracted,,model,published,,20000,,50000,30000,1.0,20000,cash,11,0.9927091002464294,0,"[[""Popcorn Salt (S)"", 1, 20000]]"
139,test_receipt_00038.png,train,extracted,,model,quarantined,items_do_not_reconcile,664329,,,,9.0,561800,,56,0.8584910687059164,0,"[[""XLB Org Pork 10x"", 1, 78000], [""Sicito Babi"", 1, 65000], [""Hotplatete Tahuu"", 1, 58000], [""DF Fish Fillet Garlc"", 1, 108000], [""LM Pork Belly"", 1, 88000], [""Siew Mai"", 1, 38800], [""Kwan Yin Cup"", null, 50000], [""Herbal Jelly"", 1, 38000], [""Onde-Onde"", 1, 38000]]"
140,test_receipt_00039.png,train,extract_failed,ValueError: no TOTAL amount found,model,extract_failed,,,,,,,,,60,0.9094066669543585,0,[]
141,test_receipt_00040.png,test,extracted,,model,quarantined,items_do_not_reconcile,0,,100000,,2.0,68000,,31,0.8520451630315473,0,"[[""Shack Lestari All"", null, 54000], [""mer Daging ABon,Keju,cokalat,d"", null, 14000]]"
142,test_receipt_00041.png,train,extract_failed,ValueError: no TOTAL amount found,model,extract_failed,,,,,,,,,41,0.9656707339170503,0,[]
143,test_receipt_00042.png,train,extracted,,model,published,,16500,15000,50000,33500,2.0,16500,cash,20,0.9620400041341781,0,"[[""Chicken HCC. 1PCS"", 1, 15000], [""P.Rest"", null, 1500]]"
144,test_receipt_00043.png,test,extracted,,model,quarantined,items_do_not_reconcile,165000,165000,200000,35000,2.0,165006,,24,0.9575833305716515,0,"[[""PCS Cheese Tart"", 6, 165000], [""Box of"", null, 6]]"
145,test_receipt_00044.png,train,extracted,,model,published,,30000,,50000,20000,1.0,30000,cash,10,0.9952800035476684,0,"[[""Combo"", 1, 30000]]"
146,test_receipt_00045.png,train,extracted,,model,published,,88000,,88000,,4.0,88000,cash,27,0.9585962935730263,0,"[[""Lemon Tea (L)."", 1, 25000], [""Mike Ike Originalal"", 1, 28000], [""Mike Berry"", 1, 28000], [""Roti Keju Manis."", 1, 7000]]"
147,test_receipt_00046.png,train,extracted,,model,published,,40000,,40000,0,2.0,40000,cash,21,0.947585716134026,0,"[[""S-Bubble Milkk Tea"", 1, 20000], [""S-Caramel Milk Tea"", 1, 20000]]"
148,test_receipt_00047.png,train,extracted,,model,published,,3,,,,3.0,63000,card,35,0.9709371379443578,0,"[[""COPIA /GB"", 1, 45000], [""PLASTIC BAG RED CENTRAL SI"", 1, 0], [""COPIA 1 /GB"", 1, 18000]]"
149,test_receipt_00048.png,val,extracted,,model,published,,25000,22728,100000,75000,1.0,25000,cash,19,0.967978951178099,0,"[[""S-Hazelnut KOI Cafe"", 1, 25000]]"
150,test_receipt_00049.png,train,extracted,,model,published,,23000,23000,50000,27000,2.0,23000,cash,23,0.9691782593727112,0,"[[""Ptgs Eggtart"", 1, 12000], [""Choco Melt"", 1, 11000]]"
151,test_receipt_00050.png,test,extracted,,model,quarantined,items_do_not_reconcile,19500,,,60500,3.0,35456,,18,0.780799999833107,0,"[[""SpuFric Cadurry"", 1, 17727], [""SubTulal"", null, 17727], [""PBi"", null, 2]]"
152,test_receipt_00051.png,train,extracted,,model,quarantined,items_do_not_reconcile,334000,,,,5.0,303657,,43,0.9275023292663486,0,"[[""(TA) NAST ORI"", 4, 165460], [""(TA) BIHUN GORENG"", 1, 40456], [""(TA) KWETIAW SEAFOOD"", 1, 42274], [""(TA) NSI GORENG"", 2, 55456], [""Roundang"", null, 11]]"
153,test_receipt_00052.png,val,extracted,,model,published,,40000,40000,100000,60000,2.0,40000,cash,20,0.9963200062513351,0,"[[""THAI ICED TEA"", null, 20000], [""THAI ICED TEA"", null, 20000]]"
154,test_receipt_00053.png,train,extracted,,model,quarantined,items_do_not_reconcile,123585,107000,,,4.0,112350,,29,0.9319068953908723,0,"[[""Pecel KOP lit Nasi"", 1, 42000], [""SOTO KUS"", 1, 47000], [""Mineral Water"", 2, 18000], [""Servvi Charge"", 54, 5350]]"
155,test_receipt_00054.png,train,extracted,,model,published,,10000,10000,10000,,1.0,10000,cash,9,0.9977000024583604,0,"[[""KACANG MERAH"", null, 10000]]"
156,test_receipt_00055.png,train,extracted,,model,published,,54000,,,,2.0,54000,unknown,15,0.9623266657193502,0,"[[""APPLE CINNNAMON PASTRY"", 1, 22000], [""ROYAL CHEESE TART"", 2, 32000]]"
157,test_receipt_00056.png,train,extract_failed,ValueError: no TOTAL amount found,model,extract_failed,,,,,,,,,15,0.9290266712506612,0,[]
158,test_receipt_00057.png,train,extract_failed,ValueError: no TOTAL amount found,model,extract_failed,,,,,,,,,9,0.996799992190467,0,[]
159,test_receipt_00058.png,val,extracted,,model,published,,60500,55000,100000,39500,1.0,55000,cash,19,0.9551315778180173,0,"[[""PHO BO TAI"", 1, 55000]]"
160,test_receipt_00059.png,train,extracted,,model,quarantined,items_do_not_reconcile,680500,618490,,,9.0,321001,,52,0.95402692258358,0,"[[""Tahuu Isi"", 2, 78000], [""5.Tea"", null, 30000], [""Kepiting 7-B.400 Chilly"", null, 1], [""Udang Telur Asin Regular"", 1, 47500], [""kailan Rasa"", 1, 45000], [""Mantau 2 PCS"", 1, 25000], [""Sweet Tea"", 2, 16000], [""Nasi Putih"", 7, 42000], [""Mantau PCS"", 1, 37500]]"
161,test_receipt_00060.png,train,extracted,,model,quarantined,items_do_not_reconcile,26250,26250,,,3.0,1265,,28,0.9453785738774708,0,"[[""Topping Milo Sparkle (untuk PO"", null, 1], [""rsi)"", 1, 1250], [""Bola Ubi Minii Originalal PS"", null, 14]]"
162,test_receipt_00061.png,train,extracted,,model,published,,24500,24500,,,9.0,24500,card,53,0.9386245270944992,0,"[[""TALAM UNGU"", null, 6500], [""AMOUNT"", null, -2600], [""ARM AREM"", null, 8000], [""AMOUT"", null, -3200], [""LEMER"", null, 18000], [""AMOUNT"", null, -7200], [""MIKA SEDANG"", null, 0], [""PLASTIK KECIL"", null, 0], [""TEH KOTAK"", null, 5000]]"
163,test_receipt_00062.png,train,extracted,,model,published,,48000,,50000,2000,2.0,48000,cash,16,0.9761062562465668,0,"[[""xXI Java Tea (M)"", 1, 18000], [""Combo"", 1, 30000]]"
164,test_receipt_00063.png,train,extracted,,model,published,,57000,57000,60000,3000,3.0,57000,cash,26,0.9644500063015864,0,"[[""Kopi SUSu Kampung."", 1, 19000], [""Kopi SUSu Kampung Less Ice"", null, 0], [""Kopi SUSu Kampung."", 2, 38000]]"
165,test_receipt_00064.png,test,pending,,ground_truth,pending,,,,,,,,,9,1.0,0,"[[""SINGLE SCOOP"", null, 16000]]"
166,test_receipt_00065.png,val,pending,,ground_truth,pending,,,,,,,,,13,1.0,0,"[[""Bubur Polos Telur"", null, 13000]]"
167,test_receipt_00066.png,train,pending,,ground_truth,pending,,,,,,,,,19,1.0,0,"[[""PILLOW DURIA"", null, 36364], [""PLASTIK"", 25, 0], [""AMOUNT"", null, 3636]]"
168,test_receipt_00067.png,train,pending,,ground_truth,pending,,,,,,,,,14,1.0,0,"[[""CHEESE JOHN"", null, 2005]]"
169,test_receipt_00068.png,train,pending,,ground_truth,pending,,,,,,,,,9,1.0,0,"[[""ICED TT"", null, 20000]]"
170,test_receipt_00069.png,train,pending,,ground_truth,pending,,,,,,,,,22,1.0,0,"[[""[MD] SOFT MORNING ROLL"", 1, 18000], [""REAL HONEY PANCAKE BREAD"", 2, 20000], [""CUSTARD BRIOCHE"", 4, 36000]]"
171,test_receipt_00070.png,val,pending,,ground_truth,pending,,,,,,,,,66,1.0,0,[]
172,test_receipt_00071.png,train,pending,,ground_truth,pending,,,,,,,,,12,1.0,0,[]
173,test_receipt_00072.png,test,pending,,ground_truth,pending,,,,,,,,,14,1.0,0,"[[""Choco Devil"", 1, 15909]]"
174,test_receipt_00073.png,test,pending,,ground_truth,pending,,,,,,,,,21,1.0,0,[]
175,test_receipt_00074.png,val,pending,,ground_truth,pending,,,,,,,,,40,1.0,0,"[[""BLACKCURRANT"", 1, 32000], [""SPRITE"", 1, 32000], [""BEVERAGE"", null, 64000], [""GRILLED CALAMARI"", 1, 85000], [""DINE FOR"", 1, 129000], [""FOOD"", null, 214000]]"
176,test_receipt_00075.png,train,pending,,ground_truth,pending,,,,,,,,,37,1.0,0,"[[""CHOCO PUFF"", 1, 29091], [""CREAMY BEEF CLS FTC"", 1, 42727], [""NEW ORIENTAL CHK RICE"", 1, 34545], [""LIPTON PITCHER"", 1, 54545], [""SC/P SUPER SUPREME"", 1, 47273], [""CB/P BLACK PEPP BEEF"", 1, 48182]]"
177,test_receipt_00076.png,train,pending,,ground_truth,pending,,,,,,,,,18,1.0,0,[]
178,test_receipt_00077.png,val,pending,,ground_truth,pending,,,,,,,,,16,1.0,0,"[[""TRIPPLE CHEESE"", null, 17000]]"
179,test_receipt_00078.png,train,pending,,ground_truth,pending,,,,,,,,,16,1.0,0,"[[""Lemon Tea (L)"", 1, 25000], [""Extra Jelly Lychee"", 1, 5000]]"
180,test_receipt_00079.png,train,pending,,ground_truth,pending,,,,,,,,,16,1.0,0,[]
181,test_receipt_00080.png,train,pending,,ground_truth,pending,,,,,,,,,15,1.0,0,"[[""Viet Milk Coffee"", 1, 25000]]"
182,test_receipt_00081.png,train,pending,,ground_truth,pending,,,,,,,,,22,1.0,0,"[[""3002-Kyoto Choco Mochi"", 2, 28000], [""1001-Choco Bun"", 1, 22000], [""6001-Plastic Bag Small"", 1, 0]]"
183,test_receipt_00082.png,val,pending,,ground_truth,pending,,,,,,,,,30,1.0,0,"[[""Chocolate Log Cake"", 1, 115000], [""Snowman Cake Chocolate"", 1, 60000], [""Strawberry Log Cake"", 2, 210000]]"
184,test_receipt_00083.png,train,pending,,ground_truth,pending,,,,,,,,,17,1.0,0,"[[""COOKIES AND CREAM"", 1, 20909]]"
185,test_receipt_00084.png,train,pending,,ground_truth,pending,,,,,,,,,24,1.0,0,"[[""Kroket"", 1, 12000], [""Arem Arem"", 2, 24000]]"
186,test_receipt_00085.png,train,pending,,ground_truth,pending,,,,,,,,,64,1.0,0,"[[""Nasi Putih"", 3, 30000], [""Nasi Tambah"", 1, 7000], [""Ayam Pop"", 2, 40000], [""Samabal SP"", 1, 11000], [""Sambal Gabus Asin Cb"", null, 1], [""Kerupuk Kuah"", 1, 15000], [""Ikan Bawal Besa"", 1, 28500], [""Telur Dadar"", 1, 10000], [""Teh Es"", 1, 7000], [""Teh Manis"", 1, 9000], [""Es Batu"", 1, 4000]]"
187,test_receipt_00086.png,val,pending,,ground_truth,pending,,,,,,,,,20,1.0,0,"[[""Cheezemania"", 1, 9500], [""Mamamia"", 1, 12500]]"
188,test_receipt_00087.png,train,pending,,ground_truth,pending,,,,,,,,,18,1.0,1,"[[""PHOTAI CHIN"", 1, 36500]]"
189,test_receipt_00088.png,train,pending,,ground_truth,pending,,,,,,,,,22,1.0,0,"[[""STIX ECLAIRS"", null, 19000], [""ALMOND CREAM CHEESE"", null, 28000]]"
190,test_receipt_00089.png,train,pending,,ground_truth,pending,,,,,,,,,19,1.0,0,"[[""XXL Crispy Chicken"", 1, 40000], [""Pedas sedikit"", 1, 0]]"
191,test_receipt_00090.png,train,pending,,ground_truth,pending,,,,,,,,,18,1.0,0,"[[""CIRENG PANDAWA"", 1, 26818]]"
192,test_receipt_00091.png,train,pending,,ground_truth,pending,,,,,,,,,13,1.0,0,[]
193,test_receipt_00092.png,train,pending,,ground_truth,pending,,,,,,,,,13,1.0,0,[]
194,test_receipt_00093.png,train,pending,,ground_truth,pending,,,,,,,,,20,1.0,0,"[[""THAI ICED TEA (L)"", null, 16363]]"
195,test_receipt_00094.png,train,pending,,ground_truth,pending,,,,,,,,,30,1.0,0,"[[""TAHU GORENG"", 1, 28000], [""CAKWE"", 1, 17000], [""PHO TAI CHIN(R)"", 1, 63000], [""TEA"", 1, 11000], [""Serv."", null, 8330]]"
196,test_receipt_00095.png,test,pending,,ground_truth,pending,,,,,,,,,23,1.0,0,"[[""BASO TAHU"", null, 43181], [""ES JERUK"", null, 13000]]"
197,test_receipt_00096.png,train,pending,,ground_truth,pending,,,,,,,,,18,1.0,0,"[[""BBQ Chicken"", 1, 0], [""- Tidak Pedas"", null, 1]]"
198,test_receipt_00097.png,test,pending,,ground_truth,pending,,,,,,,,,19,1.0,0,"[[""BUBUR GO"", null, 40000], [""PUYUH GO"", null, 6000], [""SATE ATI GO"", null, 9000]]"
199,test_receipt_00098.png,train,pending,,ground_truth,pending,,,,,,,,,27,1.0,0,"[[""BLACK PAPPER MEATBALL PAS"", 1, 79000], [""TRUFFLE CREAM"", 1, 77000], [""EARL GREY MILK TEA"", 1, 59000]]"
200,test_receipt_00099.png,train,pending,,ground_truth,pending,,,,,,,,,59,1.0,0,"[[""FL-Xmas 30 Off"", 1, 68180], [""PAKET SLICES"", 1, 0], ["" FL Cake - French"", 1, 0], [""PAKET SLICES"", 1, 0], [""FL Cake - Green"", 1, 0], [""PAKET SLICES"", 1, 0], [""FL Cake - Belgium"", 1, 0], [""BIAYA TAMBAHAN"", null, 0], [""BIAYA CC"", null, 0]]"
